–í–µ—Ç–∫–∞,–ù–æ–º–µ—Ä –≤–æ–ø—Ä–æ—Å–∞,–í—ã–±–æ—Ä –ø–æ–ª—å–∑–æ–≤–∞—Ç–µ–ª—è,–í–≤–æ–¥–Ω–∞—è,–í–∞—Ä–∏–∞–Ω—Ç –≤–æ–ø—Ä–æ—Å–∞,–ü–æ–¥—Ç–≤–µ—Ä–∂–¥–µ–Ω–∏–µ –≤—ã–±–æ—Ä–∞,–°–ª–µ–¥—É—é—â–∏–π –≤–æ–ø—Ä–æ—Å,–°–æ–≤–µ—Ç,–§–∏–Ω–∞–ª,–≠–º–æ–¥–∑–∏
1,1,1,"–î–æ–±—Ä–æ –ø–æ–∂–∞–ª–æ–≤–∞—Ç—å –≤ –º–∏—Ä –∏–Ω—Ñ–æ—Ä–º–∞—Ü–∏–∏! –≠—Ç–æ—Ç –æ–ø—Ä–æ—Å –ø–æ–º–æ–∂–µ—Ç —Ç–µ–±–µ –ø–æ–Ω—è—Ç—å, –∫–∞–∫–æ–π –∫–æ–Ω—Ç–µ–Ω—Ç —Ç–µ–±—è —Ñ–æ—Ä–º–∏—Ä—É–µ—Ç, –∞ —á—Ç–æ –µ—â—ë –º–æ–∂–µ—Ç –±—ã—Ç—å —Ç–µ–±–µ –∏–Ω—Ç–µ—Ä–µ—Å–Ω–æ. –ú—ã –ø–æ–º–æ–∂–µ–º —Ç–µ–±–µ –≤—ã–π—Ç–∏ –∑–∞ —Ä–∞–º–∫–∏ –ø—Ä–∏–≤—ã—á–Ω–æ–≥–æ –∏ –Ω–∞–π—Ç–∏ —Ç–æ, —á—Ç–æ –¥–µ–π—Å—Ç–≤–∏—Ç–µ–ª—å–Ω–æ –≤–¥–æ—Ö–Ω–æ–≤–ª—è–µ—Ç.",–ù–∞—á–∞—Ç—å –æ–ø—Ä–æ—Å,–û—Ç–ª–∏—á–Ω–æ! –ü—Ä–∏—Å—Ç—É–ø–∏–º –∫ –∞–Ω–∞–ª–∏–∑—É.,1,,–ù–µ—Ç,üß†
1,1,2,"–ò–Ω—Ñ–æ—Ä–º–∞—Ü–∏—è ‚Äî —ç—Ç–æ –Ω–µ –ø—Ä–æ—Å—Ç–æ –Ω–æ–≤–æ—Å—Ç–∏, —ç—Ç–æ –∑–µ—Ä–∫–∞–ª–æ —Ç–≤–æ–µ–≥–æ –≤–Ω—É—Ç—Ä–µ–Ω–Ω–µ–≥–æ –º–∏—Ä–∞. –¢–æ, —á—Ç–æ —Ç—ã –≤—ã–±–∏—Ä–∞–µ—à—å —á–∏—Ç–∞—Ç—å, —Å–º–æ—Ç—Ä–µ—Ç—å –∏–ª–∏ —Å–ª—É—à–∞—Ç—å, –≤–ª–∏—è–µ—Ç –Ω–∞ —Ç–≤–æ—ë –º—ã—à–ª–µ–Ω–∏–µ, —ç–º–æ—Ü–∏–∏ –∏ –¥–µ–π—Å—Ç–≤–∏—è. –°–µ–π—á–∞—Å –º—ã –ø–æ–º–æ–∂–µ–º —Ç–µ–±–µ –ª—É—á—à–µ –ø–æ–Ω—è—Ç—å —Å–µ–±—è –∏ –Ω–∞–π—Ç–∏ –Ω–æ–≤—ã–µ –≥–æ—Ä–∏–∑–æ–Ω—Ç—ã.",–ò–Ω—Ç–µ—Ä–µ—Å–Ω—ã–µ –Ω–æ–≤–æ—Å—Ç–∏,"–û—Ç–ª–∏—á–Ω–æ, —Ç—ã —Ö–æ—á–µ—à—å –Ω–∞—Ö–æ–¥–∏—Ç—å –∏–Ω—Ç–µ—Ä–µ—Å–Ω—ã–µ –Ω–æ–≤–æ—Å—Ç–∏. –°–µ–π—á–∞—Å –º—ã –ø–æ–¥–±–µ—Ä—ë–º —Ç–µ–±–µ –ø–æ–¥—Ö–æ–¥—è—â–∏–µ –∏—Å—Ç–æ—á–Ω–∏–∫–∏.",2,*–ò—Å–∫–∞—Ç–µ–ª—å –Ω–æ–≤–∏–∑–Ω—ã* –¢—ã –ª—é–±–∏—à—å –Ω–∞—Ö–æ–¥–∏—Ç—å —á—Ç–æ-—Ç–æ –Ω–æ–≤–æ–µ –∏ –Ω–µ–æ–±—ã—á–Ω–æ–µ. –≠—Ç–æ –æ—Ç–ª–∏—á–Ω—ã–π —Å–ø–æ—Å–æ–± —Ä–∞—Å—à–∏—Ä—è—Ç—å –∫—Ä—É–≥–æ–∑–æ—Ä –∏ —É–¥–∏–≤–ª—è—Ç—å—Å—è –º–∏—Ä—É.,–ù–µ—Ç,üîç
1,1,3,"–ò–Ω—Ñ–æ—Ä–º–∞—Ü–∏—è ‚Äî —ç—Ç–æ –Ω–µ –ø—Ä–æ—Å—Ç–æ –Ω–æ–≤–æ—Å—Ç–∏, —ç—Ç–æ –∑–µ—Ä–∫–∞–ª–æ —Ç–≤–æ–µ–≥–æ –≤–Ω—É—Ç—Ä–µ–Ω–Ω–µ–≥–æ –º–∏—Ä–∞. –¢–æ, —á—Ç–æ —Ç—ã –≤—ã–±–∏—Ä–∞–µ—à—å —á–∏—Ç–∞—Ç—å, —Å–º–æ—Ç—Ä–µ—Ç—å –∏–ª–∏ —Å–ª—É—à–∞—Ç—å, –≤–ª–∏—è–µ—Ç –Ω–∞ —Ç–≤–æ—ë –º—ã—à–ª–µ–Ω–∏–µ, —ç–º–æ—Ü–∏–∏ –∏ –¥–µ–π—Å—Ç–≤–∏—è. –°–µ–π—á–∞—Å –º—ã –ø–æ–º–æ–∂–µ–º —Ç–µ–±–µ –ª—É—á—à–µ –ø–æ–Ω—è—Ç—å —Å–µ–±—è –∏ –Ω–∞–π—Ç–∏ –Ω–æ–≤—ã–µ –≥–æ—Ä–∏–∑–æ–Ω—Ç—ã.",–ü–æ–Ω—è—Ç—å —Å—É—Ç—å –≤–µ—â–µ–π,"–•–æ—Ä–æ—à–æ, —Ç—ã —Ö–æ—á–µ—à—å —É–≥–ª—É–±–∏—Ç—å—Å—è –≤ —É–∂–µ –∏–∑–≤–µ—Å—Ç–Ω–æ–µ. –°–µ–π—á–∞—Å –º—ã –ø–æ–¥–±–µ—Ä—ë–º —Ç–µ–±–µ —Å—Ç—Ä–∞—Ç–µ–≥–∏—é.",2,"*–ê–Ω–∞–ª–∏—Ç–∏–∫ —Å–≤–æ–µ–≥–æ –ø–æ—Ç–æ–∫–∞* –¢—ã —É–∂–µ –≤ –¥–µ–ª–µ –∏ —Ö–æ—á–µ—à—å –Ω–µ –ø—Ä–æ—Å—Ç–æ –ø–æ—Ç—Ä–µ–±–ª—è—Ç—å, –∞ –ø–æ–Ω–∏–º–∞—Ç—å. –≠—Ç–æ –∑—Ä–µ–ª—ã–π –ø–æ–¥—Ö–æ–¥ –∫ –∏–Ω—Ñ–æ—Ä–º–∞—Ü–∏–∏.",–ù–µ—Ç,üìä
1,1,4,"–ò–Ω—Ñ–æ—Ä–º–∞—Ü–∏—è ‚Äî —ç—Ç–æ –Ω–µ –ø—Ä–æ—Å—Ç–æ –Ω–æ–≤–æ—Å—Ç–∏, —ç—Ç–æ –∑–µ—Ä–∫–∞–ª–æ —Ç–≤–æ–µ–≥–æ –≤–Ω—É—Ç—Ä–µ–Ω–Ω–µ–≥–æ –º–∏—Ä–∞. –¢–æ, —á—Ç–æ —Ç—ã –≤—ã–±–∏—Ä–∞–µ—à—å —á–∏—Ç–∞—Ç—å, —Å–º–æ—Ç—Ä–µ—Ç—å –∏–ª–∏ —Å–ª—É—à–∞—Ç—å, –≤–ª–∏—è–µ—Ç –Ω–∞ —Ç–≤–æ—ë –º—ã—à–ª–µ–Ω–∏–µ, —ç–º–æ—Ü–∏–∏ –∏ –¥–µ–π—Å—Ç–≤–∏—è. –°–µ–π—á–∞—Å –º—ã –ø–æ–º–æ–∂–µ–º —Ç–µ–±–µ –ª—É—á—à–µ –ø–æ–Ω—è—Ç—å —Å–µ–±—è –∏ –Ω–∞–π—Ç–∏ –Ω–æ–≤—ã–µ –≥–æ—Ä–∏–∑–æ–Ω—Ç—ã.",–†–∞—Å—à–∏—Ä–∏—Ç—å –∫—Ä—É–≥–æ–∑–æ—Ä,"–•–æ—Ä–æ—à–æ, —Ç—ã —Ö–æ—á–µ—à—å –≤—ã–π—Ç–∏ –∑–∞ –ø—Ä–µ–¥–µ–ª—ã –ø—Ä–∏–≤—ã—á–Ω–æ–≥–æ. –°–µ–π—á–∞—Å –º—ã –ø–æ–º–æ–∂–µ–º —Ç–µ–±–µ —Å–¥–µ–ª–∞—Ç—å –ø–µ—Ä–≤—ã–π —à–∞–≥.",2,"*–°—Ç—Ä–µ–º—è—â–∏–π—Å—è –∫ –Ω–æ–≤–æ–º—É* –¢—ã —á—É–≤—Å—Ç–≤—É–µ—à—å, —á—Ç–æ –∑–∞ –ø—Ä–µ–¥–µ–ª–∞–º–∏ —Ç–≤–æ–µ–≥–æ —ç–∫—Ä–∞–Ω–∞ –µ—Å—Ç—å —á—Ç–æ-—Ç–æ –≤–∞–∂–Ω–æ–µ. –≠—Ç–æ –ø–µ—Ä–≤—ã–π –∏ —Å–∞–º—ã–π –≤–∞–∂–Ω—ã–π —à–∞–≥ –Ω–∞ –ø—É—Ç–∏ –∫ –Ω–æ–≤–æ–º—É.",–ù–µ—Ç,üåç
1,1,5,"–ò–Ω—Ñ–æ—Ä–º–∞—Ü–∏—è ‚Äî —ç—Ç–æ –Ω–µ –ø—Ä–æ—Å—Ç–æ –Ω–æ–≤–æ—Å—Ç–∏, —ç—Ç–æ –∑–µ—Ä–∫–∞–ª–æ —Ç–≤–æ–µ–≥–æ –≤–Ω—É—Ç—Ä–µ–Ω–Ω–µ–≥–æ –º–∏—Ä–∞. –¢–æ, —á—Ç–æ —Ç—ã –≤—ã–±–∏—Ä–∞–µ—à—å —á–∏—Ç–∞—Ç—å, —Å–º–æ—Ç—Ä–µ—Ç—å –∏–ª–∏ —Å–ª—É—à–∞—Ç—å, –≤–ª–∏—è–µ—Ç –Ω–∞ —Ç–≤–æ—ë –º—ã—à–ª–µ–Ω–∏–µ, —ç–º–æ—Ü–∏–∏ –∏ –¥–µ–π—Å—Ç–≤–∏—è. –°–µ–π—á–∞—Å –º—ã –ø–æ–º–æ–∂–µ–º —Ç–µ–±–µ –ª—É—á—à–µ –ø–æ–Ω—è—Ç—å —Å–µ–±—è –∏ –Ω–∞–π—Ç–∏ –Ω–æ–≤—ã–µ –≥–æ—Ä–∏–∑–æ–Ω—Ç—ã.",–ù–∞–π—Ç–∏ –æ—Ä–∏–µ–Ω—Ç–∏—Ä—ã,–ù–µ —Å—Ç—Ä–∞—à–Ω–æ ‚Äî –≤—Å–µ –Ω–∞—á–∏–Ω–∞–ª–∏ —Å —ç—Ç–æ–≥–æ. –ú—ã –ø–æ–º–æ–∂–µ–º —Ç–µ–±–µ –æ—Å–≤–æ–∏—Ç—å—Å—è.,2,"*–ù–æ–≤–∏—á–æ–∫-–ª—é–±–æ–∑–Ω–∞—Ç–µ–ª—å* –¢—ã –µ—â–µ –Ω–µ –Ω–∞—à–µ–ª —Å–≤–æ–π —Å—Ç–∏–ª—å, –Ω–æ —É–∂–µ –∑–Ω–∞–µ—à—å, —á—Ç–æ —Ö–æ—á–µ—à—å –±–æ–ª—å—à–µ. –≠—Ç–æ –≤–∞–∂–Ω–µ–µ, —á–µ–º —Ç—ã –¥—É–º–∞–µ—à—å.",–ù–µ—Ç,‚ùì
1,2,6,"–ü–æ–Ω–∏–º–∞–Ω–∏–µ —Ç–≤–æ–µ–≥–æ —É—Ä–æ–≤–Ω—è –ø–æ—Ç—Ä–µ–±–ª–µ–Ω–∏—è –∏–Ω—Ñ–æ—Ä–º–∞—Ü–∏–∏ –ø–æ–∑–≤–æ–ª–∏—Ç –Ω–∞–º –ø—Ä–µ–¥–ª–æ–∂–∏—Ç—å —Ç–µ–±–µ –¥–µ–π—Å—Ç–≤–∏—Ç–µ–ª—å–Ω–æ –ø–æ–ª–µ–∑–Ω—É—é –ø–æ–¥–±–æ—Ä–∫—É. –¢—ã –º–æ–∂–µ—à—å –±—ã—Ç—å –Ω–æ–≤–∏—á–∫–æ–º, –∞ –º–æ–∂–µ—à—å —É–∂–µ –∏—Å–ø–æ–ª—å–∑–æ–≤–∞—Ç—å –ø—Ä–æ–¥–≤–∏–Ω—É—Ç—ã–µ –º–µ—Ç–æ–¥—ã —Ñ–∏–ª—å—Ç—Ä–∞—Ü–∏–∏ –∏ –∞–Ω–∞–ª–∏–∑–∞. –ß–µ—Å—Ç–Ω—ã–π –æ—Ç–≤–µ—Ç –ø–æ–º–æ–∂–µ—Ç —Ç–æ—á–Ω–µ–µ –ø–æ–¥–æ–±—Ä–∞—Ç—å —Ä–µ–∫–æ–º–µ–Ω–¥–∞—Ü–∏–∏.",–ü–æ—á—Ç–∏ –Ω–∏—á–µ–≥–æ –Ω–µ –∑–Ω–∞—é,–ù–µ —Å—Ç—Ä–∞—à–Ω–æ ‚Äî –≤—Å–µ –Ω–∞—á–∏–Ω–∞–ª–∏ —Å —ç—Ç–æ–≥–æ. –ú—ã –ø–æ–º–æ–∂–µ–º —Ç–µ–±–µ –æ—Å–≤–æ–∏—Ç—å—Å—è.,3,"*–ù–æ–≤–∏—á–æ–∫* –¢—ã –æ–±–ª–∞–¥–∞–µ—à—å –ø–æ—Ç–µ–Ω—Ü–∏–∞–ª–æ–º, –∫–æ—Ç–æ—Ä—ã–π —Ç–æ–ª—å–∫–æ –ø—Ä–µ–¥—Å—Ç–æ–∏—Ç —Ä–∞—Å–∫—Ä—ã—Ç—å. –ì–ª–∞–≤–Ω–æ–µ ‚Äî –Ω–∞—á–∞—Ç—å —Å –º–∞–ª–æ–≥–æ –∏ –¥–≤–∏–≥–∞—Ç—å—Å—è –ø–æ—Å—Ç–µ–ø–µ–Ω–Ω–æ.",–ù–µ—Ç,‚ùì
1,2,7,"–ü–æ–Ω–∏–º–∞–Ω–∏–µ —Ç–≤–æ–µ–≥–æ —É—Ä–æ–≤–Ω—è –ø–æ—Ç—Ä–µ–±–ª–µ–Ω–∏—è –∏–Ω—Ñ–æ—Ä–º–∞—Ü–∏–∏ –ø–æ–∑–≤–æ–ª–∏—Ç –Ω–∞–º –ø—Ä–µ–¥–ª–æ–∂–∏—Ç—å —Ç–µ–±–µ –¥–µ–π—Å—Ç–≤–∏—Ç–µ–ª—å–Ω–æ –ø–æ–ª–µ–∑–Ω—É—é –ø–æ–¥–±–æ—Ä–∫—É. –¢—ã –º–æ–∂–µ—à—å –±—ã—Ç—å –Ω–æ–≤–∏—á–∫–æ–º, –∞ –º–æ–∂–µ—à—å —É–∂–µ –∏—Å–ø–æ–ª—å–∑–æ–≤–∞—Ç—å –ø—Ä–æ–¥–≤–∏–Ω—É—Ç—ã–µ –º–µ—Ç–æ–¥—ã —Ñ–∏–ª—å—Ç—Ä–∞—Ü–∏–∏ –∏ –∞–Ω–∞–ª–∏–∑–∞. –ß–µ—Å—Ç–Ω—ã–π –æ—Ç–≤–µ—Ç –ø–æ–º–æ–∂–µ—Ç —Ç–æ—á–Ω–µ–µ –ø–æ–¥–æ–±—Ä–∞—Ç—å —Ä–µ–∫–æ–º–µ–Ω–¥–∞—Ü–∏–∏.",–ß–∏—Ç–∞–ª –ø–∞—Ä—É —Å—Ç–∞—Ç–µ–π/—Å–º–æ—Ç—Ä–µ–ª —Ä–æ–ª–∏–∫–∏,"–•–æ—Ä–æ—à–æ, —Ç—ã —É–∂–µ —Å–¥–µ–ª–∞–ª(–∞) –ø–µ—Ä–≤—ã–π —à–∞–≥. –¢–µ–ø–µ—Ä—å –¥–∞–≤–∞–π —É–≥–ª—É–±–∏–º—Å—è.",3,"*–ù–∞—á–∏–Ω–∞—é—â–∏–π –∏—Å—Å–ª–µ–¥–æ–≤–∞—Ç–µ–ª—å* –¢—ã —É–∂–µ –≤ —Ç–µ–º–µ, –Ω–æ —Ç–æ–ª—å–∫–æ –Ω–∞—á–∏–Ω–∞–µ—à—å –æ—Å–≤–∞–∏–≤–∞—Ç—å –ø—Ä–∞–∫—Ç–∏—á–µ—Å–∫–∏–µ –∞—Å–ø–µ–∫—Ç—ã. –≠—Ç–æ –ø—Ä–∞–≤–∏–ª—å–Ω—ã–π —ç—Ç–∞–ø –¥–ª—è —Ä–∞–∑–≤–∏—Ç–∏—è.",–ù–µ—Ç,üìö
1,2,8,"–ü–æ–Ω–∏–º–∞–Ω–∏–µ —Ç–≤–æ–µ–≥–æ —É—Ä–æ–≤–Ω—è –ø–æ—Ç—Ä–µ–±–ª–µ–Ω–∏—è –∏–Ω—Ñ–æ—Ä–º–∞—Ü–∏–∏ –ø–æ–∑–≤–æ–ª–∏—Ç –Ω–∞–º –ø—Ä–µ–¥–ª–æ–∂–∏—Ç—å —Ç–µ–±–µ –¥–µ–π—Å—Ç–≤–∏—Ç–µ–ª—å–Ω–æ –ø–æ–ª–µ–∑–Ω—É—é –ø–æ–¥–±–æ—Ä–∫—É. –¢—ã –º–æ–∂–µ—à—å –±—ã—Ç—å –Ω–æ–≤–∏—á–∫–æ–º, –∞ –º–æ–∂–µ—à—å —É–∂–µ –∏—Å–ø–æ–ª—å–∑–æ–≤–∞—Ç—å –ø—Ä–æ–¥–≤–∏–Ω—É—Ç—ã–µ –º–µ—Ç–æ–¥—ã —Ñ–∏–ª—å—Ç—Ä–∞—Ü–∏–∏ –∏ –∞–Ω–∞–ª–∏–∑–∞. –ß–µ—Å—Ç–Ω—ã–π –æ—Ç–≤–µ—Ç –ø–æ–º–æ–∂–µ—Ç —Ç–æ—á–Ω–µ–µ –ø–æ–¥–æ–±—Ä–∞—Ç—å —Ä–µ–∫–æ–º–µ–Ω–¥–∞—Ü–∏–∏.","–ï—Å—Ç—å –±–∞–∑–æ–≤–æ–µ –ø–æ–Ω–∏–º–∞–Ω–∏–µ (–∂–∞–Ω—Ä—ã, —Ñ–æ—Ä–º–∞—Ç—ã, –ø–ª–∞—Ç—Ñ–æ—Ä–º—ã)","–û—Ç–ª–∏—á–Ω–æ, —É —Ç–µ–±—è –µ—Å—Ç—å –±–∞–∑–∞. –¢–µ–ø–µ—Ä—å –º–æ–∂–Ω–æ –ø–µ—Ä–µ—Ö–æ–¥–∏—Ç—å –∫ —Å–ª–µ–¥—É—é—â–µ–º—É —É—Ä–æ–≤–Ω—é.",3,*–ò–º–µ–µ—Ç –±–∞–∑–æ–≤–æ–µ –ø–æ–Ω–∏–º–∞–Ω–∏–µ* –¢—ã —É–∂–µ –≤–ª–∞–¥–µ–µ—à—å –∫–ª—é—á–µ–≤—ã–º–∏ –ø–æ–Ω—è—Ç–∏—è–º–∏ –∏ –≥–æ—Ç–æ–≤ –∫ –±–æ–ª–µ–µ –≥–ª—É–±–æ–∫–æ–º—É –ø–æ–≥—Ä—É–∂–µ–Ω–∏—é.,–ù–µ—Ç,‚úÖ
1,2,9,"–ü–æ–Ω–∏–º–∞–Ω–∏–µ —Ç–≤–æ–µ–≥–æ —É—Ä–æ–≤–Ω—è –ø–æ—Ç—Ä–µ–±–ª–µ–Ω–∏—è –∏–Ω—Ñ–æ—Ä–º–∞—Ü–∏–∏ –ø–æ–∑–≤–æ–ª–∏—Ç –Ω–∞–º –ø—Ä–µ–¥–ª–æ–∂–∏—Ç—å —Ç–µ–±–µ –¥–µ–π—Å—Ç–≤–∏—Ç–µ–ª—å–Ω–æ –ø–æ–ª–µ–∑–Ω—É—é –ø–æ–¥–±–æ—Ä–∫—É. –¢—ã –º–æ–∂–µ—à—å –±—ã—Ç—å –Ω–æ–≤–∏—á–∫–æ–º, –∞ –º–æ–∂–µ—à—å —É–∂–µ –∏—Å–ø–æ–ª—å–∑–æ–≤–∞—Ç—å –ø—Ä–æ–¥–≤–∏–Ω—É—Ç—ã–µ –º–µ—Ç–æ–¥—ã —Ñ–∏–ª—å—Ç—Ä–∞—Ü–∏–∏ –∏ –∞–Ω–∞–ª–∏–∑–∞. –ß–µ—Å—Ç–Ω—ã–π –æ—Ç–≤–µ—Ç –ø–æ–º–æ–∂–µ—Ç —Ç–æ—á–Ω–µ–µ –ø–æ–¥–æ–±—Ä–∞—Ç—å —Ä–µ–∫–æ–º–µ–Ω–¥–∞—Ü–∏–∏.",–†–∞–∑–±–∏—Ä–∞—é—Å—å –≤ –æ—Å–Ω–æ–≤–∞—Ö –∏ –ø—Ä–∞–∫—Ç–∏–∫—É—é—Å—å,"–ü—Ä–µ–∫—Ä–∞—Å–Ω–æ, —Ç—ã —É–∂–µ –æ–ø—ã—Ç–Ω—ã–π. –°–µ–π—á–∞—Å —è –ø–æ–º–æ–≥—É —Ç–µ–±–µ —É–ª—É—á—à–∏—Ç—å —Å—Ç—Ä–∞—Ç–µ–≥–∏—é.",3,*–†–∞–∑–≤–∏—Ç—ã–π –ø–æ–ª—å–∑–æ–≤–∞—Ç–µ–ª—å* –¢—ã –Ω–∞—Ö–æ–¥–∏—à—å—Å—è –Ω–∞ –≤—ã—Å–æ–∫–æ–º —É—Ä–æ–≤–Ω–µ –ø–æ–Ω–∏–º–∞–Ω–∏—è –∏ –≥–æ—Ç–æ–≤ –∫ –ø—Ä–æ—Ñ–µ—Å—Å–∏–æ–Ω–∞–ª—å–Ω–æ–º—É –ø–æ—Ç—Ä–µ–±–ª–µ–Ω–∏—é –∏–Ω—Ñ–æ—Ä–º–∞—Ü–∏–∏.,–ù–µ—Ç,üéØ
1,3,10,"–¢–≤–æ—è –≥–æ—Ç–æ–≤–Ω–æ—Å—Ç—å –∫ —ç–∫—Å–ø–µ—Ä–∏–º–µ–Ω—Ç–∞–º –≤–ª–∏—è–µ—Ç –Ω–∞ —Ç–æ, –∫–∞–∫ —Ç—ã –≤–æ—Å–ø—Ä–∏–Ω–∏–º–∞–µ—à—å –º–∏—Ä. –ö—Ç–æ-—Ç–æ –ø—Ä–µ–¥–ø–æ—á–∏—Ç–∞–µ—Ç –∑–Ω–∞–∫–æ–º–æ–µ, –∫—Ç–æ-—Ç–æ –ª—é–±–∏—Ç –æ—Ç–∫—Ä—ã–≤–∞—Ç—å –Ω–æ–≤–æ–µ. –≠—Ç–æ –≤–∞–∂–Ω–æ –¥–ª—è —Ä–∞—Å—à–∏—Ä–µ–Ω–∏—è –∫—Ä—É–≥–æ–∑–æ—Ä–∞ –∏ –ø–æ–∏—Å–∫–∞ –Ω–æ–≤—ã—Ö —Å–º—ã—Å–ª–æ–≤.",–ü—Ä–µ–¥–ø–æ—á–∏—Ç–∞—é –ø—Ä–æ–≤–µ—Ä–µ–Ω–Ω—ã–µ –∏—Å—Ç–æ—á–Ω–∏–∫–∏,"–ü–æ–Ω—è—Ç–Ω–æ, —Ç—ã –¥–æ–≤–µ—Ä—è–µ—à—å –ø—Ä–æ–≤–µ—Ä–µ–Ω–Ω—ã–º –∏—Å—Ç–æ—á–Ω–∏–∫–∞–º ‚Äî —ç—Ç–æ —Ä–∞–∑—É–º–Ω—ã–π –ø–æ–¥—Ö–æ–¥.",4,"*–ö–æ–Ω—Å–µ—Ä–≤–∞—Ç–∏–≤–Ω—ã–π –ø–æ—Ç—Ä–µ–±–∏—Ç–µ–ª—å* –¢—ã –ø—Ä–µ–¥–ø–æ—á–∏—Ç–∞–µ—à—å —á–∏—Ç–∞—Ç—å —Ç–æ–ª—å–∫–æ –ø—Ä–æ–≤–µ—Ä–µ–Ω–Ω—ã–µ –∏—Å—Ç–æ—á–Ω–∏–∫–∏. –≠—Ç–æ —Å–Ω–∏–∂–∞–µ—Ç —Ä–∏—Å–∫ –æ—à–∏–±–æ–∫, –Ω–æ –æ–≥—Ä–∞–Ω–∏—á–∏–≤–∞–µ—Ç –¥–æ—Å—Ç—É–ø –∫ –Ω–æ–≤–æ–º—É.",–ù–µ—Ç,üõ°Ô∏è
1,3,11,"–¢–≤–æ—è –≥–æ—Ç–æ–≤–Ω–æ—Å—Ç—å –∫ —ç–∫—Å–ø–µ—Ä–∏–º–µ–Ω—Ç–∞–º –≤–ª–∏—è–µ—Ç –Ω–∞ —Ç–æ, –∫–∞–∫ —Ç—ã –≤–æ—Å–ø—Ä–∏–Ω–∏–º–∞–µ—à—å –º–∏—Ä. –ö—Ç–æ-—Ç–æ –ø—Ä–µ–¥–ø–æ—á–∏—Ç–∞–µ—Ç –∑–Ω–∞–∫–æ–º–æ–µ, –∫—Ç–æ-—Ç–æ –ª—é–±–∏—Ç –æ—Ç–∫—Ä—ã–≤–∞—Ç—å –Ω–æ–≤–æ–µ. –≠—Ç–æ –≤–∞–∂–Ω–æ –¥–ª—è —Ä–∞—Å—à–∏—Ä–µ–Ω–∏—è –∫—Ä—É–≥–æ–∑–æ—Ä–∞ –∏ –ø–æ–∏—Å–∫–∞ –Ω–æ–≤—ã—Ö —Å–º—ã—Å–ª–æ–≤.",–ë–µ—Å–º—ã—Å–ª–µ–Ω–Ω–æ —Å–µ—Ä—Ñ–ª—é,"–•–æ—Ä–æ—à–æ, —Ç—ã –æ—Ç–∫—Ä—ã—Ç –∫ —ç–∫—Å–ø–µ—Ä–∏–º–µ–Ω—Ç–∞–º. –≠—Ç–æ —Ä–∞–∑—É–º–Ω—ã–π –ø–æ–¥—Ö–æ–¥.",4,*–ë–∞–ª–∞–Ω—Å–∏—Ä—É—é—â–∏–π –ø–æ—Ç—Ä–µ–±–∏—Ç–µ–ª—å* –¢—ã –Ω–∞—Ö–æ–¥–∏—à—å –±–∞–ª–∞–Ω—Å –º–µ–∂–¥—É –ø—Ä–∏–≤—ã—á–Ω—ã–º –∏ –Ω–æ–≤—ã–º ‚Äî —ç—Ç–æ –ø—Ä–∞–≤–∏–ª—å–Ω—ã–π –ø–æ–¥—Ö–æ–¥ –¥–ª—è —Ä–æ—Å—Ç–∞.,–ù–µ—Ç,‚öñÔ∏è
1,3,12,"–¢–≤–æ—è –≥–æ—Ç–æ–≤–Ω–æ—Å—Ç—å –∫ —ç–∫—Å–ø–µ—Ä–∏–º–µ–Ω—Ç–∞–º –≤–ª–∏—è–µ—Ç –Ω–∞ —Ç–æ, –∫–∞–∫ —Ç—ã –≤–æ—Å–ø—Ä–∏–Ω–∏–º–∞–µ—à—å –º–∏—Ä. –ö—Ç–æ-—Ç–æ –ø—Ä–µ–¥–ø–æ—á–∏—Ç–∞–µ—Ç –∑–Ω–∞–∫–æ–º–æ–µ, –∫—Ç–æ-—Ç–æ –ª—é–±–∏—Ç –æ—Ç–∫—Ä—ã–≤–∞—Ç—å –Ω–æ–≤–æ–µ. –≠—Ç–æ –≤–∞–∂–Ω–æ –¥–ª—è —Ä–∞—Å—à–∏—Ä–µ–Ω–∏—è –∫—Ä—É–≥–æ–∑–æ—Ä–∞ –∏ –ø–æ–∏—Å–∫–∞ –Ω–æ–≤—ã—Ö —Å–º—ã—Å–ª–æ–≤.",–°–æ–∑–Ω–∞—Ç–µ–ª—å–Ω–æ –∏—â—É –Ω–æ–≤–æ–µ,"–û—Ç–ª–∏—á–Ω–æ, —Ç—ã –ª—é–±–∏—à—å –æ—Ç–∫—Ä—ã–≤–∞—Ç—å –Ω–æ–≤–æ–µ ‚Äî —ç—Ç–æ —Å—Ç–∏–ª—å –Ω–∞—Å—Ç–æ—è—â–µ–≥–æ –∏—Å—Å–ª–µ–¥–æ–≤–∞—Ç–µ–ª—è!",4,"*–ò—Å—Å–ª–µ–¥–æ–≤–∞—Ç–µ–ª—å –∏–¥–µ–π* –¢—ã –≤—Å–µ–≥–¥–∞ –≤—ã–±–∏—Ä–∞–µ—à—å –Ω–æ–≤—ã–π –ø—É—Ç—å, –¥–∞–∂–µ –µ—Å–ª–∏ –æ–Ω –Ω–µ –æ—á–µ–≤–∏–¥–µ–Ω. –¢–∞–∫–æ–π —Å—Ç–∏–ª—å –ø—Ä–∏–Ω–æ—Å–∏—Ç —Ä–∞–¥–æ—Å—Ç—å –∏ –∑–Ω–∞–Ω–∏—è.",–ù–µ—Ç,üó∫Ô∏è
1,4,13,"–§–æ—Ä–º–∞—Ç ‚Äî —Ç–≤–æ–π –≥–ª–∞–≤–Ω—ã–π —Ä—ã—á–∞–≥ –≤ –º–∏—Ä–µ –∏–Ω—Ñ–æ—Ä–º–∞—Ü–∏–∏. –û—Ç –≤—ã–±–æ—Ä–∞ Telegram –¥–æ –ø–æ–¥–∫–∞—Å—Ç–∞ ‚Äî –≤—Å—ë –≤–ª–∏—è–µ—Ç –Ω–∞ —Ç–≤–æ–π —É—Ä–æ–≤–µ–Ω—å –ø–æ–≥—Ä—É–∂–µ–Ω–∏—è. –°–µ–π—á–∞—Å –º—ã —É–∑–Ω–∞–µ–º, –∫–∞–∫–æ–π —Ç–µ–±–µ –±–ª–∏–∂–µ.",Telegram –∏ –±–ª–æ–≥–∏,"–•–æ—Ä–æ—à–æ, —Ç—ã –≤—ã–±–∏—Ä–∞–µ—à—å Telegram –∏ –±–ª–æ–≥–∏ ‚Äî —Å–µ–π—á–∞—Å –æ–±—ä—è—Å–Ω—é, –∫–∞–∫ –∏—Ö –∏—Å–ø–æ–ª—å–∑–æ–≤–∞—Ç—å –º–∞–∫—Å–∏–º–∞–ª—å–Ω–æ —ç—Ñ—Ñ–µ–∫—Ç–∏–≤–Ω–æ.",5,"*–ü–æ–ª—å–∑–æ–≤–∞—Ç–µ–ª—å –º–µ—Å—Å–µ–Ω–¥–∂–µ—Ä–æ–≤* –¢—ã –¥–æ–≤–µ—Ä—è–µ—à—å —Å–∫–æ—Ä–æ—Å—Ç–∏ –∏ –¥–æ—Å—Ç—É–ø–Ω–æ—Å—Ç–∏. –≠—Ç–æ —Ä–∞–∑—É–º–Ω—ã–π –≤—ã–±–æ—Ä, –æ—Å–æ–±–µ–Ω–Ω–æ –µ—Å–ª–∏ —Ç—ã —Å–ª–µ–¥–∏—à—å –∑–∞ –∞–∫—Ç—É–∞–ª—å–Ω—ã–º–∏ —Ç–µ–º–∞–º–∏.",–ù–µ—Ç,üì±
1,4,14,"–§–æ—Ä–º–∞—Ç ‚Äî —Ç–≤–æ–π –≥–ª–∞–≤–Ω—ã–π —Ä—ã—á–∞–≥ –≤ –º–∏—Ä–µ –∏–Ω—Ñ–æ—Ä–º–∞—Ü–∏–∏. –û—Ç –≤—ã–±–æ—Ä–∞ Telegram –¥–æ –ø–æ–¥–∫–∞—Å—Ç–∞ ‚Äî –≤—Å—ë –≤–ª–∏—è–µ—Ç –Ω–∞ —Ç–≤–æ–π —É—Ä–æ–≤–µ–Ω—å –ø–æ–≥—Ä—É–∂–µ–Ω–∏—è. –°–µ–π—á–∞—Å –º—ã —É–∑–Ω–∞–µ–º, –∫–∞–∫–æ–π —Ç–µ–±–µ –±–ª–∏–∂–µ.",–ü–æ–¥–∫–∞—Å—Ç—ã –∏ –∞—É–¥–∏–æ,"–ü–æ–¥–∫–∞—Å—Ç—ã ‚Äî –±—É–¥—É—â–µ–µ –º–Ω–æ–≥–æ–∑–∞–¥–∞—á–Ω–æ–≥–æ –æ–±—É—á–µ–Ω–∏—è. –°–µ–π—á–∞—Å —Ä–∞—Å—Å–∫–∞–∂—É, –∫–∞–∫ –∏—Ö –∏—Å–ø–æ–ª—å–∑–æ–≤–∞—Ç—å –ø—Ä–∞–≤–∏–ª—å–Ω–æ.",5,"*–ú–Ω–æ–≥–æ–∑–∞–¥–∞—á–Ω—ã–π —Å–ª—É—à–∞—Ç–µ–ª—å* –¢—ã –∏—Å–ø–æ–ª—å–∑—É–µ—à—å –≤—Ä–µ–º—è —Å —É–º–æ–º: —Å–ª—É—à–∞–µ—à—å –ø–æ–¥–∫–∞—Å—Ç—ã, –ø–æ–∫–∞ –µ–¥–µ—à—å, –≥–æ—Ç–æ–≤–∏—à—å –∏–ª–∏ —Ä–∞–±–æ—Ç–∞–µ—à—å. –≠—Ç–æ —Ä–∞–∑—É–º–Ω—ã–π –ø–æ–¥—Ö–æ–¥ –¥–ª—è –∑–∞–Ω—è—Ç—ã—Ö –ª—é–¥–µ–π.",–ù–µ—Ç,üéß
1,4,15,"–§–æ—Ä–º–∞—Ç ‚Äî —Ç–≤–æ–π –≥–ª–∞–≤–Ω—ã–π —Ä—ã—á–∞–≥ –≤ –º–∏—Ä–µ –∏–Ω—Ñ–æ—Ä–º–∞—Ü–∏–∏. –û—Ç –≤—ã–±–æ—Ä–∞ Telegram –¥–æ –ø–æ–¥–∫–∞—Å—Ç–∞ ‚Äî –≤—Å—ë –≤–ª–∏—è–µ—Ç –Ω–∞ —Ç–≤–æ–π —É—Ä–æ–≤–µ–Ω—å –ø–æ–≥—Ä—É–∂–µ–Ω–∏—è. –°–µ–π—á–∞—Å –º—ã —É–∑–Ω–∞–µ–º, –∫–∞–∫–æ–π —Ç–µ–±–µ –±–ª–∏–∂–µ.",–í–∏–¥–µ–æ –∏ YouTube,"–í–∏–¥–µ–æ ‚Äî –º–æ—â–Ω—ã–π –∏–Ω—Å—Ç—Ä—É–º–µ–Ω—Ç –≤–∏–∑—É–∞–ª—å–Ω–æ–≥–æ –æ–±—É—á–µ–Ω–∏—è. –°–µ–π—á–∞—Å —Ä–∞—Å—Å–∫–∞–∂—É, –∫–∞–∫ –∏–∑–±–µ–∂–∞—Ç—å –∑–∞–≤–∏—Å–∏–º–æ—Å—Ç–∏.",5,"*–ó—Ä–∏—Ç–µ–ª–µ–º–æ–∑–≥* –¢—ã –ª—é–±–∏—à—å –≤–∏–∑—É–∞–ª—å–Ω—ã–µ –∏—Å—Ç–æ—Ä–∏–∏ –∏ —É–º–µ–µ—à—å —É—á–∏—Ç—å—Å—è —á–µ—Ä–µ–∑ –≤–∏–¥–µ–æ. –≠—Ç–æ –∑—Ä–µ–ª—ã–π –ø–æ–¥—Ö–æ–¥, –µ—Å–ª–∏ —Ç—ã –Ω–µ —Ç–µ—Ä—è–µ—à—å –∫–æ–Ω—Ç—Ä–æ–ª—å –Ω–∞–¥ –≤—Ä–µ–º–µ–Ω–µ–º.",–ù–µ—Ç,üé•
1,4,16,"–§–æ—Ä–º–∞—Ç ‚Äî —Ç–≤–æ–π –≥–ª–∞–≤–Ω—ã–π —Ä—ã—á–∞–≥ –≤ –º–∏—Ä–µ –∏–Ω—Ñ–æ—Ä–º–∞—Ü–∏–∏. –û—Ç –≤—ã–±–æ—Ä–∞ Telegram –¥–æ –ø–æ–¥–∫–∞—Å—Ç–∞ ‚Äî –≤—Å—ë –≤–ª–∏—è–µ—Ç –Ω–∞ —Ç–≤–æ–π —É—Ä–æ–≤–µ–Ω—å –ø–æ–≥—Ä—É–∂–µ–Ω–∏—è. –°–µ–π—á–∞—Å –º—ã —É–∑–Ω–∞–µ–º, –∫–∞–∫–æ–π —Ç–µ–±–µ –±–ª–∏–∂–µ.",–ï—â–µ –Ω–µ –≤—ã–±—Ä–∞–ª,–ï—â—ë –Ω–µ –≤—ã–±—Ä–∞–ª ‚Äî –Ω–µ –ø—Ä–æ–±–ª–µ–º–∞. –°–µ–π—á–∞—Å —è –ø–æ–º–æ–≥—É —Ç–µ–±–µ —Ä–∞–∑–æ–±—Ä–∞—Ç—å—Å—è.,5,"*–ò–Ω–¥–∏–≤–∏–¥—É–∞–ª—å–Ω—ã–π –ø–æ–¥—Ö–æ–¥* –¢—ã –µ—â—ë –Ω–µ –æ–ø—Ä–µ–¥–µ–ª–∏–ª—Å—è ‚Äî —ç—Ç–æ –Ω–æ—Ä–º–∞–ª—å–Ω–æ. –ü–æ–ø—Ä–æ–±—É–π —Ä–∞–∑–Ω—ã–µ —Ñ–æ—Ä–º–∞—Ç—ã –∏ –ø–æ—Å–º–æ—Ç—Ä–∏, –∫–∞–∫–æ–π —Ç–µ–±–µ –ø–æ–¥—Ö–æ–¥–∏—Ç –±–æ–ª—å—à–µ –≤—Å–µ–≥–æ.",–ù–µ—Ç,ü§î
1,5,17,"–ö–∞–∫ —á–∞—Å—Ç–æ —Ç—ã –æ–±—Ä–∞—â–∞–µ—à—å—Å—è –∫ –∏–Ω—Ñ–æ—Ä–º–∞—Ü–∏–∏? –†–µ–≥—É–ª—è—Ä–Ω–æ—Å—Ç—å ‚Äî –∫–ª—é—á –∫ —É—Å–ø–µ—Ö—É. –ö—Ç–æ-—Ç–æ –¥–µ–ª–∞–µ—Ç —ç—Ç–æ –∫–∞–∂–¥—ã–π –¥–µ–Ω—å, –∫—Ç–æ-—Ç–æ —Ä–∞–∑ –≤ –Ω–µ–¥–µ–ª—é, –∞ –∫—Ç–æ-—Ç–æ –∂–¥—ë—Ç –≤–¥–æ—Ö–Ω–æ–≤–µ–Ω–∏—è. –¢–≤–æ–π –≥—Ä–∞—Ñ–∏–∫ –Ω–∞–±–ª—é–¥–µ–Ω–∏–π –æ–ø—Ä–µ–¥–µ–ª–∏—Ç, –Ω–∞—Å–∫–æ–ª—å–∫–æ –∞–∫—Ç–∏–≤–Ω—ã–º –±—É–¥–µ—Ç —Ç–≤–æ–π –ø–æ–¥—Ö–æ–¥ –∫ –æ–±—É—á–µ–Ω–∏—é –∏ —Ä–∞–∑–≤–∏—Ç–∏—é.",–ö–∞–∂–¥—ã–π –¥–µ–Ω—å,"–ê–∫—Ç–∏–≤–Ω–æ–µ –ø–æ—Ç—Ä–µ–±–ª–µ–Ω–∏–µ ‚Äî —ç—Ç–æ —Ä–∞–±–æ—Ç–∞. –°–µ–π—á–∞—Å —è –ø–æ–¥—Å–∫–∞–∂—É, –∫–∞–∫ –æ—Ä–≥–∞–Ω–∏–∑–æ–≤–∞—Ç—å –ø—Ä–æ—Ü–µ—Å—Å.",6,"*–ï–∂–µ–¥–Ω–µ–≤–Ω—ã–π –ø–æ—Ç—Ä–µ–±–∏—Ç–µ–ª—å* –¢—ã –∫–∞–∂–¥—ã–π –¥–µ–Ω—å –æ–±—Ä–∞—â–∞–µ—à—å—Å—è –∫ –∏–Ω—Ñ–æ—Ä–º–∞—Ü–∏–∏. –≠—Ç–æ —Ç—Ä–µ–±—É–µ—Ç –¥–∏—Å—Ü–∏–ø–ª–∏–Ω—ã, –Ω–æ –ø—Ä–∏–Ω–æ—Å–∏—Ç —Ä–µ–∑—É–ª—å—Ç–∞—Ç.",–ù–µ—Ç,üìÖ
1,5,18,"–ö–∞–∫ —á–∞—Å—Ç–æ —Ç—ã –æ–±—Ä–∞—â–∞–µ—à—å—Å—è –∫ –∏–Ω—Ñ–æ—Ä–º–∞—Ü–∏–∏? –†–µ–≥—É–ª—è—Ä–Ω–æ—Å—Ç—å ‚Äî –∫–ª—é—á –∫ —É—Å–ø–µ—Ö—É. –ö—Ç–æ-—Ç–æ –¥–µ–ª–∞–µ—Ç —ç—Ç–æ –∫–∞–∂–¥—ã–π –¥–µ–Ω—å, –∫—Ç–æ-—Ç–æ —Ä–∞–∑ –≤ –Ω–µ–¥–µ–ª—é, –∞ –∫—Ç–æ-—Ç–æ –∂–¥—ë—Ç –≤–¥–æ—Ö–Ω–æ–≤–µ–Ω–∏—è. –¢–≤–æ–π –≥—Ä–∞—Ñ–∏–∫ –Ω–∞–±–ª—é–¥–µ–Ω–∏–π –æ–ø—Ä–µ–¥–µ–ª–∏—Ç, –Ω–∞—Å–∫–æ–ª—å–∫–æ –∞–∫—Ç–∏–≤–Ω—ã–º –±—É–¥–µ—Ç —Ç–≤–æ–π –ø–æ–¥—Ö–æ–¥ –∫ –æ–±—É—á–µ–Ω–∏—é –∏ —Ä–∞–∑–≤–∏—Ç–∏—é.",–ù–µ—Å–∫–æ–ª—å–∫–æ —Ä–∞–∑ –≤ –Ω–µ–¥–µ–ª—é,"–•–æ—Ä–æ—à–æ, —Ç—ã –∞–∫—Ç–∏–≤–µ–Ω, –Ω–æ –Ω–µ —Å–ª–∏—à–∫–æ–º. –¢–∞–∫–æ–π —Å—Ç–∏–ª—å —á–∞—Å—Ç–æ –ø—Ä–∏–Ω–æ—Å–∏—Ç —Ö–æ—Ä–æ—à–∏–µ —Ä–µ–∑—É–ª—å—Ç–∞—Ç—ã.",6,"*–ß–∞—Å—Ç–æ –ø–æ—Ç—Ä–µ–±–ª—è–µ—Ç –∏–Ω—Ñ–æ—Ä–º–∞—Ü–∏—é* –¢—ã —Ä–µ–≥—É–ª—è—Ä–Ω–æ –≤–æ–∑–≤—Ä–∞—â–∞–µ—à—å—Å—è –∫ –Ω–æ–≤–æ—Å—Ç—è–º, –Ω–æ –Ω–µ –≤—ã–≥–æ—Ä–∞–µ—à—å. –≠—Ç–æ —Ä–∞–∑—É–º–Ω—ã–π –±–∞–ª–∞–Ω—Å –º–µ–∂–¥—É –∂–∏–∑–Ω—å—é –∏ –∏–Ω—Ñ–æ—Ä–º–∞—Ü–∏–µ–π.",–ù–µ—Ç,üìÜ
1,5,19,"–ö–∞–∫ —á–∞—Å—Ç–æ —Ç—ã –æ–±—Ä–∞—â–∞–µ—à—å—Å—è –∫ –∏–Ω—Ñ–æ—Ä–º–∞—Ü–∏–∏? –†–µ–≥—É–ª—è—Ä–Ω–æ—Å—Ç—å ‚Äî –∫–ª—é—á –∫ —É—Å–ø–µ—Ö—É. –ö—Ç–æ-—Ç–æ –¥–µ–ª–∞–µ—Ç —ç—Ç–æ –∫–∞–∂–¥—ã–π –¥–µ–Ω—å, –∫—Ç–æ-—Ç–æ —Ä–∞–∑ –≤ –Ω–µ–¥–µ–ª—é, –∞ –∫—Ç–æ-—Ç–æ –∂–¥—ë—Ç –≤–¥–æ—Ö–Ω–æ–≤–µ–Ω–∏—è. –¢–≤–æ–π –≥—Ä–∞—Ñ–∏–∫ –Ω–∞–±–ª—é–¥–µ–Ω–∏–π –æ–ø—Ä–µ–¥–µ–ª–∏—Ç, –Ω–∞—Å–∫–æ–ª—å–∫–æ –∞–∫—Ç–∏–≤–Ω—ã–º –±—É–¥–µ—Ç —Ç–≤–æ–π –ø–æ–¥—Ö–æ–¥ –∫ –æ–±—É—á–µ–Ω–∏—é –∏ —Ä–∞–∑–≤–∏—Ç–∏—é.",–†–∞–∑ –≤ –Ω–µ–¥–µ–ª—é –∏–ª–∏ —Ä–µ–∂–µ,"–û—Ç–ª–∏—á–Ω–æ, —Ç—ã –Ω–µ –≥–æ–Ω–∏—à—å—Å—è –∑–∞ –∫–æ–ª–∏—á–µ—Å—Ç–≤–æ–º, –∞ —Å—Ç—Ä–æ–∏—à—å –¥–æ–ª–≥–æ—Å—Ä–æ—á–Ω—ã–µ –ø–ª–∞–Ω—ã.",6,"*–ü–∞—Å—Å–∏–≤–Ω—ã–π –ø–æ—Ç—Ä–µ–±–∏—Ç–µ–ª—å* –¢—ã –Ω–µ –≥–æ–Ω–∏—à—å—Å—è –∑–∞ –∫–∞–∂–¥–æ–π –≤–æ–ª–Ω–æ–π, –∞ —Å—Ç—Ä–æ–∏—à—å –¥–æ–ª–≥–æ—Å—Ä–æ—á–Ω—ã–µ –ø–ª–∞–Ω—ã. –≠—Ç–æ –∑—Ä–µ–ª—ã–π –ø–æ–¥—Ö–æ–¥, –µ—Å–ª–∏ —Ç—ã –Ω–µ –∑–∞–±—ã–≤–∞–µ—à—å –æ —Å–µ–±–µ.",–ù–µ—Ç,üóìÔ∏è
1,5,20,"–ö–∞–∫ —á–∞—Å—Ç–æ —Ç—ã –æ–±—Ä–∞—â–∞–µ—à—å—Å—è –∫ –∏–Ω—Ñ–æ—Ä–º–∞—Ü–∏–∏? –†–µ–≥—É–ª—è—Ä–Ω–æ—Å—Ç—å ‚Äî –∫–ª—é—á –∫ —É—Å–ø–µ—Ö—É. –ö—Ç–æ-—Ç–æ –¥–µ–ª–∞–µ—Ç —ç—Ç–æ –∫–∞–∂–¥—ã–π –¥–µ–Ω—å, –∫—Ç–æ-—Ç–æ —Ä–∞–∑ –≤ –Ω–µ–¥–µ–ª—é, –∞ –∫—Ç–æ-—Ç–æ –∂–¥—ë—Ç –≤–¥–æ—Ö–Ω–æ–≤–µ–Ω–∏—è. –¢–≤–æ–π –≥—Ä–∞—Ñ–∏–∫ –Ω–∞–±–ª—é–¥–µ–Ω–∏–π –æ–ø—Ä–µ–¥–µ–ª–∏—Ç, –Ω–∞—Å–∫–æ–ª—å–∫–æ –∞–∫—Ç–∏–≤–Ω—ã–º –±—É–¥–µ—Ç —Ç–≤–æ–π –ø–æ–¥—Ö–æ–¥ –∫ –æ–±—É—á–µ–Ω–∏—é –∏ —Ä–∞–∑–≤–∏—Ç–∏—é.",–°–æ–≤—Å–µ–º –Ω–µ –ø–æ—Ç—Ä–µ–±–ª—è—é ‚Äî –ø–æ–∫–∞ –Ω–µ –Ω—É–∂–Ω–æ,"–û—Ç–ª–∏—á–Ω–æ, —Ç—ã –¥–æ–≤–µ—Ä—è–µ—à—å —Å–≤–æ–µ–º—É –≤—Ä–µ–º–µ–Ω–∏. –°–µ–π—á–∞—Å —è –ø–æ–¥—Å–∫–∞–∂—É, –∫–∞–∫ –Ω–µ –æ—à–∏–±–∏—Ç—å—Å—è –Ω–∞ —Å—Ç–∞—Ä—Ç–µ.",6,"*–°–∞–º–æ—Å—Ç–æ—è—Ç–µ–ª—å–Ω—ã–π –ø–æ—Ç—Ä–µ–±–∏—Ç–µ–ª—å* –¢—ã –Ω–µ –∑–∞–≤–∏—Å–∏—à—å –æ—Ç –º–Ω–µ–Ω–∏–π –¥—Ä—É–≥–∏—Ö –∏ –ø—Ä–∏–Ω–∏–º–∞–µ—à—å —Ä–µ—à–µ–Ω–∏—è –æ—Å–æ–∑–Ω–∞–Ω–Ω–æ. –≠—Ç–æ –∑—Ä–µ–ª—ã–π –ø–æ–¥—Ö–æ–¥, –µ—Å–ª–∏ —Ç—ã –Ω–µ –æ—Å—Ç–∞–µ—à—å—Å—è –≤ –∑–∞—Å—Ç–æ–µ.",–ù–µ—Ç,‚è≥
1,6,21,"–û–±—Ä–∞–∑–æ–≤–∞–Ω–∏–µ ‚Äî –æ—Å–Ω–æ–≤–∞ —É—Å–ø–µ—à–Ω–æ–≥–æ –ø–æ—Ç—Ä–µ–±–ª–µ–Ω–∏—è –∏–Ω—Ñ–æ—Ä–º–∞—Ü–∏–∏. –°–µ–π—á–∞—Å –º—ã —É–∑–Ω–∞–µ–º, –¥–æ–≤–µ—Ä—è–µ—à—å –ª–∏ —Ç—ã –∏–Ω—Ñ–æ—Ä–º–∞—Ü–∏–∏ –∏–∑ Telegram, TikTok –∏ YouTube, –∏–ª–∏ –ø—Ä–µ–¥–ø–æ—á–∏—Ç–∞–µ—à—å –ø—Ä–æ–≤–µ—Ä–µ–Ω–Ω—ã–µ –∏—Å—Ç–æ—á–Ω–∏–∫–∏.","–î–∞, —á–∞—â–µ –≤—Å–µ–≥–æ","–•–æ—Ä–æ—à–æ, —Ç—ã –¥–æ–≤–µ—Ä—è–µ—à—å –∏–Ω—Ñ–æ—Ä–º–∞—Ü–∏–∏ –∏–∑ —Å–æ—Ü—Å–µ—Ç–µ–π. –°–µ–π—á–∞—Å —è –æ–±—ä—è—Å–Ω—é, –∫–∞–∫ –Ω–µ –ø–æ–ø–∞—Å—Ç—å –≤ –º–æ—à–µ–Ω–Ω–∏–∫–æ–≤.",7,"*–ß–∞—Å—Ç–æ –¥–æ–≤–µ—Ä—è–µ—Ç –∏–Ω—Ñ–æ—Ä–º–∞—Ü–∏–∏* –¢—ã —á–µ—Ä–ø–∞–µ—à—å –∑–Ω–∞–Ω–∏—è –∏–∑ —Ä–∞–∑–Ω—ã—Ö –∏—Å—Ç–æ—á–Ω–∏–∫–æ–≤, –≤–∫–ª—é—á–∞—è Telegram –∏ YouTube. –≠—Ç–æ –º–æ–∂–µ—Ç –±—ã—Ç—å –ø–æ–ª–µ–∑–Ω–æ, –Ω–æ —Ç—Ä–µ–±—É–µ—Ç –∫—Ä–∏—Ç–∏—á–µ—Å–∫–æ–≥–æ –º—ã—à–ª–µ–Ω–∏—è.",–ù–µ—Ç,üì±
1,6,22,"–û–±—Ä–∞–∑–æ–≤–∞–Ω–∏–µ ‚Äî –æ—Å–Ω–æ–≤–∞ —É—Å–ø–µ—à–Ω–æ–≥–æ –ø–æ—Ç—Ä–µ–±–ª–µ–Ω–∏—è –∏–Ω—Ñ–æ—Ä–º–∞—Ü–∏–∏. –°–µ–π—á–∞—Å –º—ã —É–∑–Ω–∞–µ–º, –¥–æ–≤–µ—Ä—è–µ—à—å –ª–∏ —Ç—ã –∏–Ω—Ñ–æ—Ä–º–∞—Ü–∏–∏ –∏–∑ Telegram, TikTok –∏ YouTube, –∏–ª–∏ –ø—Ä–µ–¥–ø–æ—á–∏—Ç–∞–µ—à—å –ø—Ä–æ–≤–µ—Ä–µ–Ω–Ω—ã–µ –∏—Å—Ç–æ—á–Ω–∏–∫–∏.","–ò–Ω–æ–≥–¥–∞ –ø—Ä–æ–≤–µ—Ä—è—é, –∏–Ω–æ–≥–¥–∞ –≤–µ—Ä—é",–¢—ã –Ω–∞—Ö–æ–¥–∏—à—å –±–∞–ª–∞–Ω—Å –º–µ–∂–¥—É –¥–æ–≤–µ—Ä–∏–µ–º –∏ —Å–∫–µ–ø—Ç–∏—Ü–∏–∑–º–æ–º. –≠—Ç–æ –ø—Ä–∞–≤–∏–ª—å–Ω—ã–π –ø–æ–¥—Ö–æ–¥.,7,*–ë–∞–ª–∞–Ω—Å–∏—Ä—É—é—â–∏–π –º–µ–∂–¥—É –¥–æ–≤–µ—Ä–∏–µ–º –∏ —Å–∫–µ–ø—Ç–∏—Ü–∏–∑–º–æ–º* –¢—ã –Ω–∞—Ö–æ–¥–∏—à—å –±–∞–ª–∞–Ω—Å –º–µ–∂–¥—É –¥–æ–≤–µ—Ä–∏–µ–º –∏ –æ—Å—Ç–æ—Ä–æ–∂–Ω–æ—Å—Ç—å—é ‚Äî —ç—Ç–æ –ø—Ä–∞–≤–∏–ª—å–Ω—ã–π –ø–æ–¥—Ö–æ–¥ –¥–ª—è —Ä–æ—Å—Ç–∞.,–ù–µ—Ç,ü§∑
1,6,23,"–û–±—Ä–∞–∑–æ–≤–∞–Ω–∏–µ ‚Äî –æ—Å–Ω–æ–≤–∞ —É—Å–ø–µ—à–Ω–æ–≥–æ –ø–æ—Ç—Ä–µ–±–ª–µ–Ω–∏—è –∏–Ω—Ñ–æ—Ä–º–∞—Ü–∏–∏. –°–µ–π—á–∞—Å –º—ã —É–∑–Ω–∞–µ–º, –¥–æ–≤–µ—Ä—è–µ—à—å –ª–∏ —Ç—ã –∏–Ω—Ñ–æ—Ä–º–∞—Ü–∏–∏ –∏–∑ Telegram, TikTok –∏ YouTube, –∏–ª–∏ –ø—Ä–µ–¥–ø–æ—á–∏—Ç–∞–µ—à—å –ø—Ä–æ–≤–µ—Ä–µ–Ω–Ω—ã–µ –∏—Å—Ç–æ—á–Ω–∏–∫–∏.","–ù–µ –¥–æ–≤–µ—Ä—è—é, —Ç–æ–ª—å–∫–æ –ø—Ä–æ–≤–µ—Ä–µ–Ω–Ω—ã–µ –∏—Å—Ç–æ—á–Ω–∏–∫–∏","–û—Ç–ª–∏—á–Ω–æ, —Ç—ã –ø—Ä–µ–¥–ø–æ—á–∏—Ç–∞–µ—à—å –ø—Ä–æ–≤–µ—Ä–µ–Ω–Ω—ã–µ –∏—Å—Ç–æ—á–Ω–∏–∫–∏ ‚Äî —ç—Ç–æ –º—É–¥—Ä–æ.",7,*–î–æ–≤–µ—Ä—è–µ—Ç –ø—Ä–æ–≤–µ—Ä–µ–Ω–Ω—ã–º –∏—Å—Ç–æ—á–Ω–∏–∫–∞–º* –¢—ã –ø—Ä–µ–¥–ø–æ—á–∏—Ç–∞–µ—à—å –ø—Ä–æ–≤–µ—Ä–µ–Ω–Ω—ã–µ –∏—Å—Ç–æ—á–Ω–∏–∫–∏ –∏ –Ω–µ –ø–æ–¥–≤–µ—Ä–∂–µ–Ω –≤–ª–∏—è–Ω–∏—é —à—É–º–∞. –≠—Ç–æ —Å–Ω–∏–∂–∞–µ—Ç —Ä–∏—Å–∫ –æ—à–∏–±–æ–∫.,–ù–µ—Ç,üîí
1,6,24,"–û–±—Ä–∞–∑–æ–≤–∞–Ω–∏–µ ‚Äî –æ—Å–Ω–æ–≤–∞ —É—Å–ø–µ—à–Ω–æ–≥–æ –ø–æ—Ç—Ä–µ–±–ª–µ–Ω–∏—è –∏–Ω—Ñ–æ—Ä–º–∞—Ü–∏–∏. –°–µ–π—á–∞—Å –º—ã —É–∑–Ω–∞–µ–º, –¥–æ–≤–µ—Ä—è–µ—à—å –ª–∏ —Ç—ã –∏–Ω—Ñ–æ—Ä–º–∞—Ü–∏–∏ –∏–∑ Telegram, TikTok –∏ YouTube, –∏–ª–∏ –ø—Ä–µ–¥–ø–æ—á–∏—Ç–∞–µ—à—å –ø—Ä–æ–≤–µ—Ä–µ–Ω–Ω—ã–µ –∏—Å—Ç–æ—á–Ω–∏–∫–∏.",–ù–µ —Å–ª–µ–∂—É –∑–∞ –∫–∞–Ω–∞–ª–∞–º–∏,"–ù–µ —Å–ª–µ–∂—É –∑–∞ –∫–∞–Ω–∞–ª–∞–º–∏ ‚Äî —ç—Ç–æ —Ç–æ–∂–µ –≤–∞—Ä–∏–∞–Ω—Ç. –°–µ–π—á–∞—Å —è –ø–æ–¥—Å–∫–∞–∂—É, –≥–¥–µ –ø–æ–ª—É—á–∏—Ç—å –∫–∞—á–µ—Å—Ç–≤–µ–Ω–Ω—É—é –∏–Ω—Ñ–æ—Ä–º–∞—Ü–∏—é.",7,*–ù–µ —Å–ª–µ–¥–∏—Ç –∑–∞ –∫–∞–Ω–∞–ª–∞–º–∏* –¢—ã –Ω–µ –∑–∞–≤–∏—Å–∏—à—å –æ—Ç –º–Ω–µ–Ω–∏–π –¥—Ä—É–≥–∏—Ö –∏ –ø–æ–ª—É—á–∞–µ—à—å –∏–Ω—Ñ–æ—Ä–º–∞—Ü–∏—é –æ—Å–æ–∑–Ω–∞–Ω–Ω–æ. –≠—Ç–æ –∑—Ä–µ–ª—ã–π –ø–æ–¥—Ö–æ–¥.,–ù–µ—Ç,üö´
1,7,25,"–¶–µ–ª—å ‚Äî —ç—Ç–æ –¥–≤–∏–∂—É—â–∞—è —Å–∏–ª–∞ –ª—é–±–æ–≥–æ —á–µ–ª–æ–≤–µ–∫–∞. –•–æ—Ç—å —Ç—ã –∏ –≤ –º–∏—Ä–µ –∏–Ω—Ñ–æ—Ä–º–∞—Ü–∏–∏, –≤–∞–∂–Ω–æ –ø–æ–Ω–∏–º–∞—Ç—å, —á–µ–≥–æ —Ç—ã —Ö–æ—á–µ—à—å –¥–æ—Å—Ç–∏—á—å –∑–∞ 6 –º–µ—Å—è—Ü–µ–≤. –≠—Ç–æ –ø–æ–º–æ–∂–µ—Ç —Ç–µ–±–µ –≤—ã–±—Ä–∞—Ç—å –ø—Ä–∞–≤–∏–ª—å–Ω—É—é —Å—Ç—Ä–∞—Ç–µ–≥–∏—é –∏ –Ω–µ —Å–±–∏—Ç—å—Å—è —Å –∫—É—Ä—Å–∞.","–ü–æ–Ω—è—Ç—å, —á—Ç–æ –º–Ω–µ –Ω—Ä–∞–≤–∏—Ç—Å—è","–•–æ—Ä–æ—à–æ, —Ç—ã —Ö–æ—á–µ—à—å —Ä–∞–∑–æ–±—Ä–∞—Ç—å—Å—è, —á—Ç–æ —Ç–µ–±–µ –Ω—Ä–∞–≤–∏—Ç—Å—è. –°–µ–π—á–∞—Å —è –ø–æ–º–æ–≥—É —Ç–µ–±–µ —Å–æ—Å—Ç–∞–≤–∏—Ç—å —Å–ø–∏—Å–æ–∫.",8,"*–£—á–∞—â–∏–π—Å—è* –¢—ã —Ö–æ—á–µ—à—å –ø–æ–Ω—è—Ç—å, —á—Ç–æ —Ç–µ–±–µ –Ω—Ä–∞–≤–∏—Ç—Å—è. –ò–∑—É—á–∏ —Ä–∞–∑–Ω—ã–µ —Ç–µ–º—ã, —ç–∫—Å–ø–µ—Ä–∏–º–µ–Ω—Ç–∏—Ä—É–π —Å —Ñ–æ—Ä–º–∞—Ç–∞–º–∏ –∏ –∑–∞–ø–∏—Å—ã–≤–∞–π, —á—Ç–æ —Ç–µ–±—è —Ü–µ–ø–ª—è–µ—Ç.",–ù–µ—Ç,üß†
1,7,26,"–¶–µ–ª—å ‚Äî —ç—Ç–æ –¥–≤–∏–∂—É—â–∞—è —Å–∏–ª–∞ –ª—é–±–æ–≥–æ —á–µ–ª–æ–≤–µ–∫–∞. –•–æ—Ç—å —Ç—ã –∏ –≤ –º–∏—Ä–µ –∏–Ω—Ñ–æ—Ä–º–∞—Ü–∏–∏, –≤–∞–∂–Ω–æ –ø–æ–Ω–∏–º–∞—Ç—å, —á–µ–≥–æ —Ç—ã —Ö–æ—á–µ—à—å –¥–æ—Å—Ç–∏—á—å –∑–∞ 6 –º–µ—Å—è—Ü–µ–≤. –≠—Ç–æ –ø–æ–º–æ–∂–µ—Ç —Ç–µ–±–µ –≤—ã–±—Ä–∞—Ç—å –ø—Ä–∞–≤–∏–ª—å–Ω—É—é —Å—Ç—Ä–∞—Ç–µ–≥–∏—é –∏ –Ω–µ —Å–±–∏—Ç—å—Å—è —Å –∫—É—Ä—Å–∞.",–†–∞–∑–æ–±—Ä–∞—Ç—å—Å—è –≤ –∫–æ–Ω–∫—Ä–µ—Ç–Ω–æ–π —Ç–µ–º–µ,"–•–æ—Ä–æ—à–æ, —Ç—ã —Ö–æ—á–µ—à—å —Ä–∞–∑–æ–±—Ä–∞—Ç—å—Å—è –≤ –∫–æ–Ω–∫—Ä–µ—Ç–Ω–æ–π —Ç–µ–º–µ ‚Äî –æ—Ç–ª–∏—á–Ω–∞—è —Ü–µ–ª—å. –°–µ–π—á–∞—Å –º—ã –ø–æ–¥–±–µ—Ä—ë–º —Ç–µ–±–µ –ø–æ–¥—Ö–æ–¥—è—â–∏–µ –º–∞—Ç–µ—Ä–∏–∞–ª—ã.",8,"*–ì–ª—É–±–æ–∫–∏–π –∏—Å—Å–ª–µ–¥–æ–≤–∞—Ç–µ–ª—å* –¢—ã —Ö–æ—á–µ—à—å –Ω–µ –ø—Ä–æ—Å—Ç–æ —á–∏—Ç–∞—Ç—å, –∞ —Ä–∞–∑–æ–±—Ä–∞—Ç—å—Å—è –≤ —Ç–µ–º–µ. –≠—Ç–æ –∑—Ä–µ–ª—ã–π –ø–æ–¥—Ö–æ–¥, –ø–æ–∑–≤–æ–ª—è—é—â–∏–π –Ω–µ –ø—Ä–æ—Å—Ç–æ –ø–æ—Ç—Ä–µ–±–ª—è—Ç—å, –Ω–æ –∏ —Ä–∞–∑–≤–∏–≤–∞—Ç—å—Å—è.",–ù–µ—Ç,üîé
1,7,27,"–¶–µ–ª—å ‚Äî —ç—Ç–æ –¥–≤–∏–∂—É—â–∞—è —Å–∏–ª–∞ –ª—é–±–æ–≥–æ —á–µ–ª–æ–≤–µ–∫–∞. –•–æ—Ç—å —Ç—ã –∏ –≤ –º–∏—Ä–µ –∏–Ω—Ñ–æ—Ä–º–∞—Ü–∏–∏, –≤–∞–∂–Ω–æ –ø–æ–Ω–∏–º–∞—Ç—å, —á–µ–≥–æ —Ç—ã —Ö–æ—á–µ—à—å –¥–æ—Å—Ç–∏—á—å –∑–∞ 6 –º–µ—Å—è—Ü–µ–≤. –≠—Ç–æ –ø–æ–º–æ–∂–µ—Ç —Ç–µ–±–µ –≤—ã–±—Ä–∞—Ç—å –ø—Ä–∞–≤–∏–ª—å–Ω—É—é —Å—Ç—Ä–∞—Ç–µ–≥–∏—é –∏ –Ω–µ —Å–±–∏—Ç—å—Å—è —Å –∫—É—Ä—Å–∞.",–ù–∞—É—á–∏—Ç—å—Å—è –≤—ã–±–∏—Ä–∞—Ç—å –ª—É—á—à–µ–µ,"–•–æ—Ä–æ—à–æ, —Ç—ã —Ö–æ—á–µ—à—å –Ω–∞—É—á–∏—Ç—å—Å—è –≤—ã–±–∏—Ä–∞—Ç—å –ª—É—á—à–µ–µ ‚Äî –æ—Ç–ª–∏—á–Ω–∞—è –º–æ—Ç–∏–≤–∞—Ü–∏—è. –°–µ–π—á–∞—Å –º—ã –ø–æ–¥–±–µ—Ä—ë–º —Ç–µ–±–µ –ø–æ–¥—Ö–æ–¥—è—â–∏–µ –º–µ—Ç–æ–¥–∏–∫–∏.",8,"*–¶–µ–ª—å ‚Äî —Ñ–∏–ª—å—Ç—Ä–∞—Ü–∏—è* –¢—ã —Ö–æ—á–µ—à—å –Ω–µ –ø—Ä–æ—Å—Ç–æ –ø–æ—Ç—Ä–µ–±–ª—è—Ç—å, –∞ –≤—ã–±–∏—Ä–∞—Ç—å –ª—É—á—à–µ–µ. –≠—Ç–æ –∑—Ä–µ–ª—ã–π –ø–æ–¥—Ö–æ–¥ –∫ –∏–Ω—Ñ–æ—Ä–º–∞—Ü–∏–∏.",–ù–µ—Ç,üîç
1,7,28,"–¶–µ–ª—å ‚Äî —ç—Ç–æ –¥–≤–∏–∂—É—â–∞—è —Å–∏–ª–∞ –ª—é–±–æ–≥–æ —á–µ–ª–æ–≤–µ–∫–∞. –•–æ—Ç—å —Ç—ã –∏ –≤ –º–∏—Ä–µ –∏–Ω—Ñ–æ—Ä–º–∞—Ü–∏–∏, –≤–∞–∂–Ω–æ –ø–æ–Ω–∏–º–∞—Ç—å, —á–µ–≥–æ —Ç—ã —Ö–æ—á–µ—à—å –¥–æ—Å—Ç–∏—á—å –∑–∞ 6 –º–µ—Å—è—Ü–µ–≤. –≠—Ç–æ –ø–æ–º–æ–∂–µ—Ç —Ç–µ–±–µ –≤—ã–±—Ä–∞—Ç—å –ø—Ä–∞–≤–∏–ª—å–Ω—É—é —Å—Ç—Ä–∞—Ç–µ–≥–∏—é –∏ –Ω–µ —Å–±–∏—Ç—å—Å—è —Å –∫—É—Ä—Å–∞.",–°—Ñ–æ—Ä–º–∏—Ä–æ–≤–∞—Ç—å —Å–∏—Å—Ç–µ–º—É –ø–æ—Ç—Ä–µ–±–ª–µ–Ω–∏—è,"–û—Ç–ª–∏—á–Ω–æ, —Ç—ã —Ö–æ—á–µ—à—å —Å–æ–∑–¥–∞—Ç—å —Å–∏—Å—Ç–µ–º—É. –°–µ–π—á–∞—Å –º—ã –≤–º–µ—Å—Ç–µ –ø–æ—Å—Ç—Ä–æ–∏–º –µ—ë —à–∞–≥ –∑–∞ —à–∞–≥–æ–º.",8,"*–¶–µ–ª—å ‚Äî —Å–∏—Å—Ç–µ–º–∞ –ø–æ—Ç—Ä–µ–±–ª–µ–Ω–∏—è* –¢—ã —Ö–æ—á–µ—à—å –Ω–µ –ø—Ä–æ—Å—Ç–æ –º–µ–Ω—è—Ç—å –æ—Ç–¥–µ–ª—å–Ω—ã–µ –ø—Ä–∏–≤—ã—á–∫–∏, –∞ —Å—Ç—Ä–æ–∏—Ç—å —Å–∏—Å—Ç–µ–º—É. –≠—Ç–æ –∑—Ä–µ–ª—ã–π –ø–æ–¥—Ö–æ–¥ –∫ —Ä–∞–∑–≤–∏—Ç–∏—é.",–ù–µ—Ç,üèóÔ∏è
1,8,29,–í–æ—Ç —Ç–≤–æ–π –∏—Ç–æ–≥–æ–≤—ã–π –ø–æ—Ä—Ç—Ä–µ—Ç –∏ —Ä–µ–∫–æ–º–µ–Ω–¥–∞—Ü–∏–∏.,–§–∏–Ω–∞–ª,*–£–Ω–∏–≤–µ—Ä—Å–∞–ª—å–Ω—ã–π –∏–Ω—Ñ–æ—Ä–º–∞—Ç–æ—Ä* –¢—ã —É–º–µ–µ—à—å –∞–¥–∞–ø—Ç–∏—Ä–æ–≤–∞—Ç—å—Å—è. –§–æ–∫—É—Å–∏—Ä—É–π—Å—è –Ω–∞ –æ–¥–Ω–æ–º —Å—Ç–∏–ª–µ ‚Äî —Ç–∞–∫ –ø–æ–≤—ã—Å–∏—à—å —ç—Ñ—Ñ–µ–∫—Ç–∏–≤–Ω–æ—Å—Ç—å –∏ —Å–Ω–∏–∑–∏—à—å –∏–Ω—Ñ–æ—Ä–º–∞—Ü–∏–æ–Ω–Ω—ã–π —Ö–∞–æ—Å.,,,–î–∞,üéØ